Amostra,Cellulose,Hemicellulose,Lignin,Solids_Loading,Enzyme_Loading,Time_h,Glucose_Real,Xylose_Real,Cellobiose_Real,Glucose_Pred,Xylose_Pred,Cellobiose_Pred,Glucose_AE,Xylose_AE,Cellobiose_AE,Glucose_RE,Xylose_RE,Cellobiose_RE,Total_AE
1,0.649000,0.092000,0.260000,205.847000,0.071000,0.000000,0.000000,0.000000,0.000000,0.000000,0.000000,0.000000,0.000000,0.000000,0.000000,0.000000,0.000000,0.000000,0.000000
2,0.649000,0.092000,0.260000,205.847000,0.071000,1.000000,9.124000,0.851000,0.283000,8.328757,0.000000,0.000000,0.795243,0.851000,0.283000,8.715944,100.000000,100.000000,1.929243
3,0.649000,0.092000,0.260000,205.847000,0.071000,2.000000,12.343000,1.360000,0.421000,11.080917,0.000000,0.108394,1.262083,1.360000,0.312606,10.225088,100.000000,74.253248,2.934689
4,0.649000,0.092000,0.260000,205.847000,0.071000,4.000000,16.397000,2.124000,0.615000,16.526917,1.721571,0.470955,0.129917,0.402429,0.144045,0.792319,18.946736,23.422002,0.676390
5,0.649000,0.092000,0.260000,205.847000,0.071000,6.000000,19.230000,2.725000,0.760000,21.421700,3.490786,0.789292,2.191700,0.765786,0.029292,11.397293,28.102233,3.854145,2.986777
6,0.649000,0.092000,0.260000,205.847000,0.071000,8.000000,21.477000,3.233000,0.879000,23.581776,3.621725,0.843841,2.104776,0.388725,0.035159,9.800138,12.023657,3.999939,2.528660
7,0.649000,0.092000,0.260000,205.847000,0.071000,12.000000,25.019000,4.073000,1.072000,28.096514,3.783088,0.935740,3.077514,0.289912,0.136260,12.300706,7.117905,12.710777,3.503686
8,0.649000,0.092000,0.260000,205.847000,0.071000,24.000000,32.252000,5.864000,1.471000,38.852215,5.146886,1.306817,6.600215,0.717114,0.164183,20.464513,12.229095,11.161299,7.481512
9,0.649000,0.092000,0.260000,205.847000,0.071000,48.000000,41.279000,8.069000,1.946000,51.341873,8.551196,2.039669,10.062873,0.482196,0.093669,24.377706,5.975909,4.813426,10.638739
10,0.649000,0.092000,0.260000,205.847000,0.071000,72.000000,47.543000,9.495000,2.241000,58.822521,9.412040,2.231649,11.279521,0.082960,0.009351,23.724883,0.873726,0.417273,11.371833
11,0.649000,0.092000,0.260000,205.847000,0.071000,96.000000,52.473000,10.538000,2.443000,66.905411,10.406230,2.428774,14.432411,0.131770,0.014226,27.504451,1.250427,0.582331,14.578407
12,0.647000,0.064000,0.289000,247.855000,0.655000,0.000000,0.000000,0.000000,0.000000,0.000000,0.000000,0.000000,0.000000,0.000000,0.000000,0.000000,0.000000,0.000000,0.000000
13,0.647000,0.064000,0.289000,247.855000,0.655000,1.000000,36.979000,1.577000,0.822000,34.947372,1.184221,0.760754,2.031628,0.392779,0.061246,5.494004,24.906697,7.450889,2.485652
14,0.647000,0.064000,0.289000,247.855000,0.655000,2.000000,48.304000,2.331000,1.089000,46.808735,2.209409,1.139530,1.495265,0.121591,0.050530,3.095531,5.216249,4.640075,1.667386
15,0.647000,0.064000,0.289000,247.855000,0.655000,4.000000,61.635000,3.392000,1.386000,54.247272,3.295706,1.409242,7.387728,0.096294,0.023242,11.986254,2.838855,1.676906,7.507263
16,0.647000,0.064000,0.289000,247.855000,0.655000,6.000000,70.269000,4.184000,1.557000,59.593082,4.125324,1.598730,10.675918,0.058676,0.041730,15.192927,1.402395,2.680137,10.776324
17,0.647000,0.064000,0.289000,247.855000,0.655000,8.000000,76.710000,4.828000,1.668000,63.509331,4.557261,1.714926,13.200669,0.270739,0.046926,17.208538,5.607685,2.813317,13.518334
18,0.647000,0.064000,0.289000,247.855000,0.655000,12.000000,86.147000,5.855000,1.795000,71.872826,5.547496,1.989355,14.274174,0.307504,0.194355,16.569555,5.251992,10.827575,14.776034
19,0.647000,0.064000,0.289000,247.855000,0.655000,24.000000,102.886000,7.894000,1.868000,92.721245,9.487040,2.485087,10.164755,1.593040,0.617087,9.879629,20.180385,33.034619,12.374881
20,0.647000,0.064000,0.289000,247.855000,0.655000,48.000000,119.687000,10.146000,1.662000,109.721306,13.449985,2.618057,9.965694,3.303985,0.956057,8.326463,32.564405,57.524504,14.225736
21,0.647000,0.064000,0.289000,247.855000,0.655000,72.000000,129.157000,11.459000,1.394000,119.877213,13.930645,2.321469,9.279787,2.471645,0.927469,7.184889,21.569465,66.532932,12.678902
22,0.647000,0.064000,0.289000,247.855000,0.655000,96.000000,135.558000,12.349000,1.155000,129.575623,14.482347,1.770683,5.982377,2.133347,0.615683,4.413150,17.275468,53.305861,8.731408
23,0.619000,0.135000,0.246000,105.425000,0.429000,0.000000,0.000000,0.000000,0.000000,0.000000,0.000000,0.000000,0.000000,0.000000,0.000000,0.000000,0.000000,0.000000,0.000000
24,0.619000,0.135000,0.246000,105.425000,0.429000,1.000000,6.956000,4.063000,0.483000,3.263804,2.590783,0.363267,3.692196,1.472217,0.119733,53.079302,36.234737,24.789385,5.284146
25,0.619000,0.135000,0.246000,105.425000,0.429000,2.000000,8.903000,5.932000,0.682000,4.868213,4.884706,0.566546,4.034787,1.047294,0.115454,45.319407,17.654982,16.928806,5.197535
26,0.619000,0.135000,0.246000,105.425000,0.429000,4.000000,11.530000,8.032000,0.926000,9.844411,8.862880,0.910720,1.685589,0.830880,0.015280,14.619160,10.344618,1.650083,2.531749
27,0.619000,0.135000,0.246000,105.425000,0.429000,6.000000,13.533000,9.251000,1.079000,11.512707,9.698706,1.044331,2.020293,0.447706,0.034669,14.928643,4.839538,3.213083,2.502668
28,0.619000,0.135000,0.246000,105.425000,0.429000,8.000000,15.234000,10.071000,1.183000,13.536218,10.281013,1.152883,1.697782,0.210013,0.030117,11.144692,2.085329,2.545831,1.937913
29,0.619000,0.135000,0.246000,105.425000,0.429000,12.000000,18.115000,11.133000,1.307000,17.286800,11.239961,1.384495,0.828200,0.106961,0.077495,4.571900,0.960753,5.929256,1.012656
30,0.619000,0.135000,0.246000,105.425000,0.429000,24.000000,24.635000,12.633000,1.372000,24.113024,12.007139,1.540509,0.521976,0.625861,0.168509,2.118840,4.954174,12.282005,1.316346
31,0.619000,0.135000,0.246000,105.425000,0.429000,48.000000,33.299000,13.743000,1.134000,34.326180,13.304589,1.082824,1.027180,0.438411,0.051176,3.084716,3.190066,4.512907,1.516767
32,0.619000,0.135000,0.246000,105.425000,0.429000,72.000000,39.092000,14.240000,0.866000,41.405090,13.580817,0.766285,2.313090,0.659183,0.099715,5.917043,4.629093,11.514393,3.071988
33,0.619000,0.135000,0.246000,105.425000,0.429000,96.000000,43.303000,14.537000,0.659000,44.087139,13.518379,0.688574,0.784139,1.018621,0.029574,1.810819,7.007091,4.487684,1.832334
34,0.615000,0.105000,0.279000,87.555000,0.533000,0.000000,0.000000,0.000000,0.000000,0.000000,0.000000,0.000000,0.000000,0.000000,0.000000,0.000000,0.000000,0.000000,0.000000
35,0.615000,0.105000,0.279000,87.555000,0.533000,1.000000,9.360000,2.141000,0.365000,6.416478,1.701205,0.369870,2.943522,0.439795,0.004870,31.447888,20.541552,1.334118,3.388186
36,0.615000,0.105000,0.279000,87.555000,0.533000,2.000000,12.081000,3.163000,0.473000,10.057744,2.752571,0.483383,2.023256,0.410429,0.010383,16.747421,12.975930,2.195131,2.444068
37,0.615000,0.105000,0.279000,87.555000,0.533000,4.000000,15.531000,4.395000,0.566000,15.036052,4.249784,0.589158,0.494948,0.145216,0.023158,3.186841,3.304108,4.091519,0.663322
38,0.615000,0.105000,0.279000,87.555000,0.533000,6.000000,17.984000,5.166000,0.598000,17.572926,4.996895,0.580397,0.411074,0.169105,0.017603,2.285779,3.273416,2.943604,0.597782
39,0.615000,0.105000,0.279000,87.555000,0.533000,8.000000,19.954000,5.712000,0.603000,20.102160,5.746285,0.572272,0.148160,0.034285,0.030728,0.742505,0.600227,5.095834,0.213172
40,0.615000,0.105000,0.279000,87.555000,0.533000,12.000000,23.077000,6.456000,0.578000,23.685505,6.623383,0.501189,0.608505,0.167383,0.076811,2.636846,2.592667,13.289081,0.852698
41,0.615000,0.105000,0.279000,87.555000,0.533000,24.000000,29.332000,7.596000,0.448000,29.303978,7.348450,0.428155,0.028022,0.247550,0.019845,0.095534,3.258956,4.429793,0.295418
42,0.615000,0.105000,0.279000,87.555000,0.533000,48.000000,36.350000,8.513000,0.262000,33.063393,7.787070,0.348188,3.286607,0.725930,0.086188,9.041561,8.527308,32.896029,4.098725
43,0.615000,0.105000,0.279000,87.555000,0.533000,72.000000,40.466000,8.941000,0.170000,36.794601,8.134533,0.282878,3.671399,0.806467,0.112878,9.072798,9.019876,66.398637,4.590743
44,0.615000,0.105000,0.279000,87.555000,0.533000,96.000000,43.251000,9.200000,0.119000,40.525814,8.481997,0.217568,2.725186,0.718003,0.098568,6.300862,7.804375,82.830248,3.541756
45,0.603000,0.105000,0.291000,168.770000,0.792000,0.000000,0.000000,0.000000,0.000000,0.000000,0.000000,0.000000,0.000000,0.000000,0.000000,0.000000,0.000000,0.000000,0.000000
46,0.603000,0.105000,0.291000,168.770000,0.792000,1.000000,14.711000,4.997000,0.852000,13.533062,5.031659,0.928195,1.177938,0.034659,0.076195,8.007192,0.693589,8.943075,1.288792
47,0.603000,0.105000,0.291000,168.770000,0.792000,2.000000,18.958000,7.116000,1.168000,19.860477,6.595499,1.178821,0.902477,0.520501,0.010821,4.760404,7.314516,0.926422,1.433799
48,0.603000,0.105000,0.291000,168.770000,0.792000,4.000000,24.580000,9.520000,1.528000,28.296286,9.285728,1.533249,3.716286,0.234272,0.005249,15.119144,2.460846,0.343546,3.955808
49,0.603000,0.105000,0.291000,168.770000,0.792000,6.000000,28.733000,10.951000,1.733000,31.629105,10.245116,1.668725,2.896105,0.705884,0.064275,10.079367,6.445838,3.708872,3.666263
50,0.603000,0.105000,0.291000,168.770000,0.792000,8.000000,32.156000,11.938000,1.858000,36.240746,10.622104,1.770232,4.084746,1.315896,0.087768,12.702903,11.022753,4.723778,5.488410
51,0.603000,0.105000,0.291000,168.770000,0.792000,12.000000,37.742000,13.249000,1.978000,43.193642,12.345740,1.893229,5.451642,0.903260,0.084771,14.444496,6.817569,4.285710,6.439673
52,0.603000,0.105000,0.291000,168.770000,0.792000,24.000000,49.490000,15.197000,1.917000,52.181320,13.695630,1.702377,2.691320,1.501370,0.214623,5.438109,9.879384,11.195764,4.407313
53,0.603000,0.105000,0.291000,168.770000,0.792000,48.000000,63.527000,16.731000,1.426000,64.297096,15.097173,1.369153,0.770096,1.633827,0.056847,1.212235,9.765270,3.986464,2.460770
54,0.603000,0.105000,0.291000,168.770000,0.792000,72.000000,72.107000,17.447000,1.013000,74.558487,16.073687,0.915594,2.451487,1.373313,0.097406,3.399791,7.871344,9.615628,3.922207
55,0.603000,0.105000,0.291000,168.770000,0.792000,96.000000,78.001000,17.883000,0.730000,80.722481,16.350519,0.791069,2.721481,1.532481,0.061069,3.489033,8.569484,8.365670,4.315031
56,0.621000,0.113000,0.266000,83.693000,0.454000,0.000000,0.000000,0.000000,0.000000,0.000000,0.000000,0.000000,0.000000,0.000000,0.000000,0.000000,0.000000,0.000000,0.000000
57,0.621000,0.113000,0.266000,83.693000,0.454000,1.000000,8.061000,2.212000,0.351000,5.110764,1.484590,0.336680,2.950236,0.727410,0.014320,36.598883,32.884717,4.079655,3.691966
58,0.621000,0.113000,0.266000,83.693000,0.454000,2.000000,10.398000,3.287000,0.469000,7.308100,2.745042,0.397596,3.089900,0.541958,0.071404,29.716289,16.487927,15.224835,3.703262
59,0.621000,0.113000,0.266000,83.693000,0.454000,4.000000,13.392000,4.580000,0.584000,12.042576,5.073812,0.484033,1.349424,0.493812,0.099967,10.076345,10.781922,17.117721,1.943204
60,0.621000,0.113000,0.266000,83.693000,0.454000,6.000000,15.553000,5.382000,0.636000,15.006887,5.749396,0.522850,0.546113,0.367396,0.113150,3.511300,6.826381,17.790856,1.026658
61,0.621000,0.113000,0.266000,83.693000,0.454000,8.000000,17.310000,5.948000,0.657000,17.654011,6.268618,0.587856,0.344011,0.320618,0.069144,1.987353,5.390343,10.524184,0.733772
62,0.621000,0.113000,0.266000,83.693000,0.454000,12.000000,20.142000,6.713000,0.656000,21.164133,6.905818,0.606384,1.022133,0.192818,0.049616,5.074635,2.872314,7.563345,1.264567
63,0.621000,0.113000,0.266000,83.693000,0.454000,24.000000,25.990000,7.871000,0.551000,26.242891,7.729505,0.530200,0.252891,0.141495,0.020800,0.973033,1.797674,3.774997,0.415186
64,0.621000,0.113000,0.266000,83.693000,0.454000,48.000000,32.840000,8.788000,0.349000,30.363626,7.979776,0.396384,2.476374,0.808224,0.047384,7.540723,9.196906,13.577206,3.331982
65,0.621000,0.113000,0.266000,83.693000,0.454000,72.000000,36.990000,9.213000,0.232000,34.189930,8.188353,0.312935,2.800070,1.024647,0.080935,7.569803,11.121756,34.885812,3.905653
66,0.621000,0.113000,0.266000,83.693000,0.454000,96.000000,39.848000,9.469000,0.165000,38.016247,8.396927,0.229486,1.831753,1.072073,0.064486,4.596851,11.321925,39.082589,2.968313
67,0.623000,0.140000,0.236000,145.825000,0.256000,0.000000,0.000000,0.000000,0.000000,0.000000,0.000000,0.000000,0.000000,0.000000,0.000000,0.000000,0.000000,0.000000,0.000000
68,0.623000,0.140000,0.236000,145.825000,0.256000,1.000000,6.435000,4.494000,0.505000,3.162902,2.504060,0.356978,3.272098,1.989940,0.148022,50.848448,44.279939,29.311352,5.410060
69,0.623000,0.140000,0.236000,145.825000,0.256000,2.000000,8.155000,6.836000,0.739000,5.744096,6.353797,0.639165,2.410904,0.482203,0.099835,29.563509,7.053870,13.509531,2.992942
70,0.623000,0.140000,0.236000,145.825000,0.256000,4.000000,10.420000,9.697000,1.060000,8.883946,10.891868,1.153508,1.536054,1.194868,0.093508,14.741397,12.322034,8.821550,2.824430
71,0.623000,0.140000,0.236000,145.825000,0.256000,6.000000,12.127000,11.479000,1.294000,10.251603,11.887341,1.348030,1.875397,0.408341,0.054030,15.464640,3.557292,4.175460,2.337769
72,0.623000,0.140000,0.236000,145.825000,0.256000,8.000000,13.572000,12.731000,1.483000,11.510935,12.822554,1.518052,2.061065,0.091554,0.035052,15.186157,0.719139,2.363618,2.187671
73,0.623000,0.140000,0.236000,145.825000,0.256000,12.000000,16.038000,14.412000,1.778000,13.999126,14.460249,1.831827,2.038874,0.048249,0.053827,12.712767,0.334783,3.027379,2.140949
74,0.623000,0.140000,0.236000,145.825000,0.256000,24.000000,21.824000,16.906000,2.322000,18.955351,16.489683,2.301709,2.868649,0.416317,0.020291,13.144470,2.462539,0.873851,3.305257
75,0.623000,0.140000,0.236000,145.825000,0.256000,48.000000,30.331000,18.818000,2.761000,25.295486,17.745770,2.567447,5.035514,1.072230,0.193553,16.601871,5.697898,7.010243,6.301297
76,0.623000,0.140000,0.236000,145.825000,0.256000,72.000000,36.821000,19.682000,2.845000,33.290508,18.519579,2.664556,3.530492,1.162421,0.180444,9.588256,5.906011,6.342486,4.873357
77,0.623000,0.140000,0.236000,145.825000,0.256000,96.000000,42.096000,20.198000,2.776000,41.082684,18.766296,2.174335,1.013316,1.431704,0.601665,2.407156,7.088343,21.673828,3.046686
78,0.554000,0.149000,0.298000,123.874000,0.760000,0.000000,0.000000,0.000000,0.000000,0.000000,0.000000,0.000000,0.000000,0.000000,0.000000,0.000000,0.000000,0.000000,0.000000
79,0.554000,0.149000,0.298000,123.874000,0.760000,1.000000,5.881000,8.397000,0.626000,3.240834,8.900031,0.847164,2.640166,0.503031,0.221164,44.893143,5.990605,35.329737,3.364361
80,0.554000,0.149000,0.298000,123.874000,0.760000,2.000000,7.611000,11.288000,0.871000,5.593252,11.838136,1.142856,2.017748,0.550136,0.271856,26.510949,4.873633,31.211954,2.839740
81,0.554000,0.149000,0.298000,123.874000,0.760000,4.000000,10.188000,13.957000,1.163000,6.822983,13.212766,1.237937,3.365017,0.744234,0.074937,33.029218,5.332337,6.443440,4.184188
82,0.554000,0.149000,0.298000,123.874000,0.760000,6.000000,12.312000,15.279000,1.336000,8.158589,14.005193,1.304007,4.153411,1.273807,0.031993,33.734654,8.336980,2.394682,5.459211
83,0.554000,0.149000,0.298000,123.874000,0.760000,8.000000,14.198000,16.090000,1.443000,9.494198,14.797618,1.370077,4.703802,1.292382,0.072923,33.130033,8.032207,5.053593,6.069108
84,0.554000,0.149000,0.298000,123.874000,0.760000,12.000000,17.516000,17.057000,1.542000,12.278767,16.315016,1.504043,5.237233,0.741984,0.037957,29.899711,4.350028,2.461568,6.017175
85,0.554000,0.149000,0.298000,123.874000,0.760000,24.000000,25.314000,18.295000,1.462000,21.062775,18.780819,1.641671,4.251225,0.485819,0.179671,16.793969,2.655474,12.289370,4.916715
86,0.554000,0.149000,0.298000,123.874000,0.760000,48.000000,35.682000,19.138000,1.016000,31.491722,19.705950,1.210793,4.190278,0.567950,0.194793,11.743394,2.967655,19.172541,4.953021
87,0.554000,0.149000,0.298000,123.874000,0.760000,72.000000,42.379000,19.504000,0.688000,41.660431,19.810738,0.752072,0.718569,0.306738,0.064072,1.695578,1.572691,9.312805,1.089379
88,0.554000,0.149000,0.298000,123.874000,0.760000,96.000000,47.088000,19.721000,0.485000,48.146091,19.997387,0.611087,1.058091,0.276387,0.126087,2.247051,1.401485,25.997386,1.460566
89,0.604000,0.117000,0.279000,175.006000,0.716000,0.000000,0.000000,0.000000,0.000000,0.000000,0.000000,0.000000,0.000000,0.000000,0.000000,0.000000,0.000000,0.000000,0.000000
90,0.604000,0.117000,0.279000,175.006000,0.716000,1.000000,12.237000,6.360000,0.898000,11.270473,5.831436,0.851558,0.966527,0.528564,0.046442,7.898402,8.310752,5.171672,1.541533
91,0.604000,0.117000,0.279000,175.006000,0.716000,2.000000,15.740000,8.998000,1.260000,16.588812,9.298630,1.334925,0.848812,0.300630,0.074925,5.392706,3.341073,5.946395,1.224366
92,0.604000,0.117000,0.279000,175.006000,0.716000,4.000000,20.516000,11.882000,1.705000,22.804567,11.769135,1.730521,2.288567,0.112865,0.025521,11.155037,0.949878,1.496824,2.426953
93,0.604000,0.117000,0.279000,175.006000,0.716000,6.000000,24.156000,13.538000,1.988000,25.892935,12.989391,1.924657,1.736935,0.548609,0.063343,7.190490,4.052361,3.186262,2.348886
94,0.604000,0.117000,0.279000,175.006000,0.716000,8.000000,27.230000,14.650000,2.184000,30.256411,13.851190,2.081368,3.026411,0.798810,0.102632,11.114251,5.452631,4.699247,3.927853
95,0.604000,0.117000,0.279000,175.006000,0.716000,12.000000,32.384000,16.094000,2.425000,37.755886,15.318781,2.367114,5.371886,0.775219,0.057886,16.588087,4.816821,2.387049,6.204991
96,0.604000,0.117000,0.279000,175.006000,0.716000,24.000000,43.775000,18.161000,2.593000,46.437695,16.778410,2.396567,2.662695,1.382590,0.196433,6.082683,7.612962,7.575525,4.241718
97,0.604000,0.117000,0.279000,175.006000,0.716000,48.000000,58.363000,19.730000,2.219000,57.436554,18.392132,2.120398,0.926446,1.337868,0.098602,1.587386,6.780883,4.443531,2.362916
98,0.604000,0.117000,0.279000,175.006000,0.716000,72.000000,67.820000,20.449000,1.737000,68.191658,19.786896,1.713052,0.371658,0.662104,0.023948,0.548007,3.237832,1.378697,1.057710
99,0.604000,0.117000,0.279000,175.006000,0.716000,96.000000,74.557000,20.884000,1.339000,78.174294,20.714710,1.306002,3.617294,0.169290,0.032998,4.851715,0.810619,2.464366,3.819581
100,0.649000,0.087000,0.264000,235.091000,0.093000,0.000000,0.000000,0.000000,0.000000,0.000000,0.000000,0.000000,0.000000,0.000000,0.000000,0.000000,0.000000,0.000000,0.000000
101,0.649000,0.087000,0.264000,235.091000,0.093000,1.000000,11.600000,0.998000,0.354000,9.215377,0.000000,0.000000,2.384623,0.998000,0.354000,20.557096,100.000000,100.000000,3.736623
102,0.649000,0.087000,0.264000,235.091000,0.093000,2.000000,15.647000,1.571000,0.521000,11.355244,0.000000,0.000000,4.291756,1.571000,0.521000,27.428621,100.000000,100.000000,6.383756
103,0.649000,0.087000,0.264000,235.091000,0.093000,4.000000,20.763000,2.422000,0.753000,18.198652,0.923480,0.353014,2.564348,1.498520,0.399986,12.350565,61.871170,53.119035,4.462854
104,0.649000,0.087000,0.264000,235.091000,0.093000,6.000000,24.343000,3.085000,0.925000,24.037998,2.349073,0.743345,0.305002,0.735927,0.181655,1.252934,23.854995,19.638344,1.222583
105,0.649000,0.087000,0.264000,235.091000,0.093000,8.000000,27.182000,3.642000,1.066000,29.052948,3.363975,0.954296,1.870948,0.278025,0.111704,6.883040,7.633847,10.478833,2.260677
106,0.649000,0.087000,0.264000,235.091000,0.093000,12.000000,31.653000,4.560000,1.292000,33.621910,3.539960,1.047634,1.968910,1.020040,0.244366,6.220295,22.369290,18.913795,3.233316
107,0.649000,0.087000,0.264000,235.091000,0.093000,24.000000,40.741000,6.508000,1.754000,45.816410,5.975573,1.651999,5.075410,0.532427,0.102001,12.457745,8.181115,5.815316,5.709838
108,0.649000,0.087000,0.264000,235.091000,0.093000,48.000000,51.955000,8.896000,2.293000,61.459557,10.655827,2.682971,9.504557,1.759827,0.389971,18.293825,19.782223,17.007011,11.654354
109,0.649000,0.087000,0.264000,235.091000,0.093000,72.000000,59.629000,10.439000,2.617000,70.297173,11.354433,2.856913,10.668173,0.915433,0.239913,17.890913,8.769356,9.167485,11.823519
110,0.649000,0.087000,0.264000,235.091000,0.093000,96.000000,65.601000,11.569000,2.834000,77.723549,12.188943,3.033075,12.122549,0.619943,0.199075,18.479214,5.358656,7.024519,12.941567
111,0.611000,0.116000,0.273000,247.770000,1.195000,0.000000,0.000000,0.000000,0.000000,0.000000,0.000000,0.000000,0.000000,0.000000,0.000000,0.000000,0.000000,0.000000,0.000000
112,0.611000,0.116000,0.273000,247.770000,1.195000,1.000000,17.809000,10.615000,1.510000,11.297576,9.255805,1.225051,6.511424,1.359195,0.284949,36.562547,12.804475,18.870792,8.155568
113,0.611000,0.116000,0.273000,247.770000,1.195000,2.000000,23.112000,14.434000,2.100000,22.234842,15.125845,2.120916,0.877158,0.691845,0.020916,3.795248,4.793162,0.995983,1.589918
114,0.611000,0.116000,0.273000,247.770000,1.195000,4.000000,30.546000,18.350000,2.821000,31.531475,20.167616,2.933970,0.985475,1.817616,0.112970,3.226200,9.905264,4.004616,2.916061
115,0.611000,0.116000,0.273000,247.770000,1.195000,6.000000,36.298000,20.498000,3.272000,36.649826,21.261429,3.151695,0.351826,0.763429,0.120305,0.969271,3.724406,3.676810,1.235560
116,0.611000,0.116000,0.273000,247.770000,1.195000,8.000000,41.178000,21.909000,3.579000,41.486084,22.194506,3.328506,0.308084,0.285506,0.250494,0.748176,1.303143,6.998988,0.844083
117,0.611000,0.116000,0.273000,247.770000,1.195000,12.000000,49.362000,23.705000,3.940000,50.561363,23.912651,3.646120,1.199363,0.207651,0.293880,2.429730,0.875980,7.458887,1.700894
118,0.611000,0.116000,0.273000,247.770000,1.195000,24.000000,67.239000,26.236000,4.124000,70.649925,28.271112,4.112216,3.410925,2.035112,0.011784,5.072838,7.756946,0.285754,5.457822
119,0.611000,0.116000,0.273000,247.770000,1.195000,48.000000,89.415000,28.144000,3.404000,86.876053,28.327477,3.359768,2.538947,0.183477,0.044232,2.839509,0.651920,1.299401,2.766655
120,0.611000,0.116000,0.273000,247.770000,1.195000,72.000000,103.278000,29.024000,2.585000,102.239395,28.635948,2.575795,1.038605,0.388052,0.009205,1.005640,1.337003,0.356086,1.435862
121,0.611000,0.116000,0.273000,247.770000,1.195000,96.000000,112.885000,29.559000,1.939000,115.593185,29.497190,1.952130,2.708185,0.061810,0.013130,2.399066,0.209106,0.677133,2.783125
122,0.584000,0.119000,0.297000,101.309000,0.508000,0.000000,0.000000,0.000000,0.000000,0.000000,0.000000,0.000000,0.000000,0.000000,0.000000,0.000000,0.000000,0.000000,0.000000
123,0.584000,0.119000,0.297000,101.309000,0.508000,1.000000,7.622000,3.361000,0.443000,4.482820,3.149442,0.324073,3.139180,0.211558,0.118927,41.185784,6.294490,26.845894,3.469666
124,0.584000,0.119000,0.297000,101.309000,0.508000,2.000000,9.795000,4.901000,0.610000,8.867896,4.262646,0.466686,0.927104,0.638354,0.143314,9.465073,13.024980,23.494160,1.708773
125,0.584000,0.119000,0.297000,101.309000,0.508000,4.000000,12.687000,6.648000,0.793000,14.552804,6.257566,0.638038,1.865804,0.390434,0.154962,14.706424,5.872955,19.541299,2.411201
126,0.584000,0.119000,0.297000,101.309000,0.508000,6.000000,14.856000,7.675000,0.892000,16.596825,6.942542,0.708987,1.740825,0.732458,0.183013,11.717990,9.543432,20.517186,2.656296
127,0.584000,0.119000,0.297000,101.309000,0.508000,8.000000,16.669000,8.373000,0.948000,18.195314,7.143652,0.762914,1.526314,1.229348,0.185086,9.156605,14.682283,19.523865,2.940748
128,0.584000,0.119000,0.297000,101.309000,0.508000,12.000000,19.683000,9.283000,0.991000,20.994102,7.462271,0.841032,1.311102,1.820729,0.149968,6.661091,19.613582,15.133012,3.281799
129,0.584000,0.119000,0.297000,101.309000,0.508000,24.000000,26.228000,10.592000,0.913000,25.594507,8.817751,0.930609,0.633493,1.774249,0.017609,2.415330,16.750841,1.928721,2.425351
130,0.584000,0.119000,0.297000,101.309000,0.508000,48.000000,34.355000,11.579000,0.631000,33.602985,10.110009,0.576322,0.752015,1.468991,0.054678,2.188952,12.686681,8.665356,2.275684
131,0.584000,0.119000,0.297000,101.309000,0.508000,72.000000,39.462000,12.026000,0.433000,38.061985,10.436417,0.470196,1.400015,1.589583,0.037196,3.547755,13.217889,8.590268,3.026794
132,0.584000,0.119000,0.297000,101.309000,0.508000,96.000000,43.035000,12.294000,0.310000,42.283474,10.812840,0.369206,0.751526,1.481160,0.059206,1.746314,12.047824,19.098684,2.291891
133,0.619000,0.146000,0.235000,99.937000,0.147000,0.000000,0.000000,0.000000,0.000000,0.000000,0.000000,0.000000,0.000000,0.000000,0.000000,0.000000,0.000000,0.000000,0.000000
134,0.619000,0.146000,0.235000,99.937000,0.147000,1.000000,4.219000,2.388000,0.271000,0.000000,0.098665,0.068449,4.219000,2.289335,0.202551,100.000000,95.868292,74.742078,6.710886
135,0.619000,0.146000,0.235000,99.937000,0.147000,2.000000,5.373000,3.810000,0.405000,3.170891,2.472144,0.397544,2.202109,1.337856,0.007456,40.984719,35.114321,1.841033,3.547421
136,0.619000,0.146000,0.235000,99.937000,0.147000,4.000000,6.835000,5.698000,0.589000,6.427846,5.500638,0.701176,0.407154,0.197362,0.112176,5.956899,3.463706,19.045169,0.716692
137,0.619000,0.146000,0.235000,99.937000,0.147000,6.000000,7.900000,6.960000,0.723000,7.763552,6.738003,0.785248,0.136448,0.221997,0.062248,1.727194,3.189615,8.609663,0.420693
138,0.619000,0.146000,0.235000,99.937000,0.147000,8.000000,8.786000,7.886000,0.831000,7.429228,7.611042,0.852950,1.356772,0.274958,0.021950,15.442428,3.486654,2.641415,1.653679
139,0.619000,0.146000,0.235000,99.937000,0.147000,12.000000,10.271000,9.183000,1.000000,7.490012,8.981553,0.987634,2.780988,0.201447,0.012366,27.076116,2.193694,1.236641,2.994801
140,0.619000,0.146000,0.235000,99.937000,0.147000,24.000000,13.702000,11.211000,1.314000,9.463634,10.775517,1.143808,4.238366,0.435483,0.170192,30.932459,3.884422,12.952206,4.844040
141,0.619000,0.146000,0.235000,99.937000,0.147000,48.000000,18.753000,12.835000,1.577000,16.473652,12.392189,1.389561,2.279348,0.442811,0.187439,12.154579,3.450027,11.885815,2.909598
142,0.619000,0.146000,0.235000,99.937000,0.147000,72.000000,22.680000,13.580000,1.638000,26.277189,12.864565,1.365992,3.597189,0.715435,0.272008,15.860623,5.268300,16.606094,4.584632
143,0.619000,0.146000,0.235000,99.937000,0.147000,96.000000,25.936000,14.025000,1.610000,29.232395,13.582645,1.291013,3.296395,0.442355,0.318987,12.709728,3.154043,19.812857,4.057737
144,0.644000,0.125000,0.231000,196.155000,0.801000,0.000000,0.000000,0.000000,0.000000,0.000000,0.000000,0.000000,0.000000,0.000000,0.000000,0.000000,0.000000,0.000000,0.000000
145,0.644000,0.125000,0.231000,196.155000,0.801000,1.000000,13.988000,8.141000,1.129000,10.503613,6.825641,0.970338,3.484387,1.315359,0.158662,24.909826,16.157215,14.053360,4.958408
146,0.644000,0.125000,0.231000,196.155000,0.801000,2.000000,18.033000,11.352000,1.586000,18.206345,12.229307,1.699343,0.173345,0.877307,0.113343,0.961263,7.728217,7.146474,1.163995
147,0.644000,0.125000,0.231000,196.155000,0.801000,4.000000,23.622000,14.777000,2.160000,24.923466,15.071079,2.169507,1.301466,0.294079,0.009507,5.509549,1.990115,0.440129,1.605052
148,0.644000,0.125000,0.231000,196.155000,0.801000,6.000000,27.925000,16.707000,2.533000,29.368944,16.197708,2.418986,1.443944,0.509292,0.114014,5.170794,3.048374,4.501160,2.067250
149,0.644000,0.125000,0.231000,196.155000,0.801000,8.000000,31.576000,17.991000,2.799000,33.206478,17.192085,2.626826,1.630478,0.798915,0.172174,5.163663,4.440636,6.151258,2.601567
150,0.644000,0.125000,0.231000,196.155000,0.801000,12.000000,37.729000,19.644000,3.139000,41.754902,18.848005,2.938733,4.025902,0.795995,0.200267,10.670577,4.052101,6.379966,5.022164
151,0.644000,0.125000,0.231000,196.155000,0.801000,24.000000,51.401000,21.989000,3.447000,55.840122,21.686581,3.388454,4.439122,0.302419,0.058546,8.636257,1.375321,1.698470,4.800088
152,0.644000,0.125000,0.231000,196.155000,0.801000,48.000000,68.996000,23.760000,3.073000,68.856972,22.565531,2.907323,0.139028,1.194469,0.165677,0.201502,5.027227,5.391388,1.499175
153,0.644000,0.125000,0.231000,196.155000,0.801000,72.000000,80.453000,24.572000,2.483000,82.017380,23.420757,2.258622,1.564380,1.151243,0.224378,1.944464,4.685181,9.036552,2.940000
154,0.644000,0.125000,0.231000,196.155000,0.801000,96.000000,88.639000,25.064000,1.960000,92.182327,23.944611,1.711708,3.543327,1.119389,0.248292,3.997481,4.466124,12.667950,4.911008
155,0.627000,0.097000,0.276000,98.712000,1.156000,0.000000,0.000000,0.000000,0.000000,0.000000,0.000000,0.000000,0.000000,0.000000,0.000000,0.000000,0.000000,0.000000,0.000000
156,0.627000,0.097000,0.276000,98.712000,1.156000,1.000000,14.107000,2.555000,0.355000,16.412004,2.752816,0.390781,2.305004,0.197816,0.035781,16.339438,7.742326,10.079235,2.538602
157,0.627000,0.097000,0.276000,98.712000,1.156000,2.000000,18.169000,3.655000,0.382000,20.539143,4.385108,0.503277,2.370143,0.730108,0.121277,13.044981,19.975595,31.748032,3.221528
158,0.627000,0.097000,0.276000,98.712000,1.156000,4.000000,23.209000,4.935000,0.361000,23.292585,5.514035,0.497736,0.083585,0.579035,0.136736,0.360142,11.733227,37.876969,0.799356
159,0.627000,0.097000,0.276000,98.712000,1.156000,6.000000,26.663000,5.717000,0.324000,25.797522,6.070668,0.443554,0.865478,0.353668,0.119554,3.245990,6.186255,36.899405,1.338701
160,0.627000,0.097000,0.276000,98.712000,1.156000,8.000000,29.343000,6.266000,0.290000,28.109051,6.550272,0.377163,1.233949,0.284272,0.087163,4.205259,4.536738,30.056256,1.605384
161,0.627000,0.097000,0.276000,98.712000,1.156000,12.000000,33.413000,7.009000,0.234000,32.732117,7.509479,0.244382,0.680883,0.500479,0.010382,2.037780,7.140520,4.436673,1.191744
162,0.627000,0.097000,0.276000,98.712000,1.156000,24.000000,40.923000,8.137000,0.140000,38.213154,8.174730,0.209719,2.709846,0.037730,0.069719,6.621817,0.463688,49.799596,2.817296
163,0.627000,0.097000,0.276000,98.712000,1.156000,48.000000,48.487000,9.038000,0.070000,43.672073,8.805574,0.157797,4.814927,0.232426,0.087797,9.930346,2.571648,125.423872,5.135149
164,0.627000,0.097000,0.276000,98.712000,1.156000,72.000000,52.570000,9.454000,0.043000,49.258148,9.389421,0.097275,3.311852,0.064579,0.054275,6.299889,0.683092,126.221442,3.430707
165,0.627000,0.097000,0.276000,98.712000,1.156000,96.000000,55.200000,9.703000,0.030000,53.648853,10.213529,0.053000,1.551147,0.510529,0.023000,2.810048,5.261554,76.668018,2.084676
166,0.639000,0.071000,0.290000,159.273000,0.636000,0.000000,0.000000,0.000000,0.000000,0.000000,0.000000,0.000000,0.000000,0.000000,0.000000,0.000000,0.000000,0.000000,0.000000
167,0.639000,0.071000,0.290000,159.273000,0.636000,1.000000,24.546000,1.487000,0.587000,16.988649,0.000000,0.445972,7.557351,1.487000,0.141028,30.788522,100.000000,24.025234,9.185379
168,0.639000,0.071000,0.290000,159.273000,0.636000,2.000000,31.824000,2.205000,0.755000,30.049736,0.846880,0.789006,1.774264,1.358120,0.034006,5.575239,61.592754,4.504161,3.166391
169,0.639000,0.071000,0.290000,159.273000,0.636000,4.000000,40.358000,3.185000,0.912000,42.051147,2.619581,1.030048,1.693147,0.565419,0.118048,4.195321,17.752552,12.943822,2.376614
170,0.639000,0.071000,0.290000,159.273000,0.636000,6.000000,45.902000,3.889000,0.980000,46.670361,3.257360,0.947026,0.768361,0.631640,0.032974,1.673915,16.241714,3.364644,1.432974
171,0.639000,0.071000,0.290000,159.273000,0.636000,8.000000,50.057000,4.444000,1.009000,50.978020,3.798997,0.907026,0.921020,0.645003,0.101974,1.839942,14.514015,10.106401,1.667996
172,0.639000,0.071000,0.290000,159.273000,0.636000,12.000000,56.183000,5.295000,1.010000,58.155441,4.525829,0.880252,1.972441,0.769171,0.129748,3.510744,14.526368,12.846307,2.871360
173,0.639000,0.071000,0.290000,159.273000,0.636000,24.000000,67.159000,6.865000,0.881000,68.120949,7.033432,0.883658,0.961949,0.168432,0.002658,1.432345,2.453489,0.301702,1.133039
174,0.639000,0.071000,0.290000,159.273000,0.636000,48.000000,78.199000,8.432000,0.601000,79.313644,8.329614,0.426260,1.114644,0.102386,0.174740,1.425395,1.214259,29.074861,1.391771
175,0.639000,0.071000,0.290000,159.273000,0.636000,72.000000,84.325000,9.274000,0.415000,85.712753,9.530757,0.299394,1.387753,0.256757,0.115606,1.645720,2.768568,27.856922,1.760116
176,0.639000,0.071000,0.290000,159.273000,0.636000,96.000000,88.386000,9.818000,0.299000,89.384583,10.024462,0.223286,0.998583,0.206462,0.075714,1.129797,2.102890,25.322377,1.280758
177,0.630000,0.149000,0.221000,226.435000,0.604000,0.000000,0.000000,0.000000,0.000000,0.000000,0.000000,0.000000,0.000000,0.000000,0.000000,0.000000,0.000000,0.000000,0.000000
178,0.630000,0.149000,0.221000,226.435000,0.604000,1.000000,9.271000,12.551000,1.104000,12.570640,11.058690,0.885202,3.299640,1.492310,0.218798,35.590978,11.889968,19.818628,5.010747
179,0.630000,0.149000,0.221000,226.435000,0.604000,2.000000,11.845000,17.415000,1.584000,16.057888,14.443483,1.333619,4.212888,2.971517,0.250381,35.566805,17.062972,15.806912,7.434786
180,0.630000,0.149000,0.221000,226.435000,0.604000,4.000000,15.552000,22.344000,2.247000,18.145641,18.956175,1.933133,2.593641,3.387825,0.313867,16.677220,15.162125,13.968274,6.295334
181,0.630000,0.149000,0.221000,226.435000,0.604000,6.000000,18.541000,24.982000,2.739000,20.925638,22.293356,2.451427,2.384638,2.688644,0.287573,12.861432,10.762325,10.499215,5.360856
182,0.630000,0.149000,0.221000,226.435000,0.604000,8.000000,21.173000,26.677000,3.135000,24.315107,24.339031,2.810344,3.142107,2.337969,0.324656,14.840161,8.763987,10.355846,5.804732
183,0.630000,0.149000,0.221000,226.435000,0.604000,12.000000,25.806000,28.780000,3.749000,31.909616,26.680868,3.302215,6.103616,2.099132,0.446785,23.651928,7.293717,11.917455,8.649534
184,0.630000,0.149000,0.221000,226.435000,0.604000,24.000000,37.020000,31.607000,4.837000,41.728798,30.521061,4.308886,4.708798,1.085939,0.528114,12.719605,3.435755,10.918223,6.322851
185,0.630000,0.149000,0.221000,226.435000,0.604000,48.000000,53.486000,33.614000,5.569000,52.792362,32.367928,4.933165,0.693638,1.246072,0.635835,1.296859,3.707004,11.417399,2.575545
186,0.630000,0.149000,0.221000,226.435000,0.604000,72.000000,65.661000,34.499000,5.553000,62.312046,32.978523,5.295392,3.348954,1.520477,0.257608,5.100370,4.407307,4.639077,5.127039
187,0.630000,0.149000,0.221000,226.435000,0.604000,96.000000,75.225000,35.028000,5.251000,70.007187,33.249649,4.861354,5.217813,1.778351,0.389646,6.936275,5.076941,7.420408,7.385810
188,0.612000,0.134000,0.253000,214.891000,0.693000,0.000000,0.000000,0.000000,0.000000,0.000000,0.000000,0.000000,0.000000,0.000000,0.000000,0.000000,0.000000,0.000000,0.000000
189,0.612000,0.134000,0.253000,214.891000,0.693000,1.000000,10.702000,10.374000,1.102000,9.881207,7.904846,0.896297,0.820793,2.469154,0.205703,7.669525,23.801372,18.666293,3.495649
190,0.612000,0.134000,0.253000,214.891000,0.693000,2.000000,13.730000,14.416000,1.572000,15.625171,13.195101,1.541717,1.895171,1.220899,0.030283,13.803137,8.469057,1.926426,3.146353
191,0.612000,0.134000,0.253000,214.891000,0.693000,4.000000,18.032000,18.581000,2.203000,19.971132,18.100824,2.284958,1.939132,0.480176,0.081958,10.753839,2.584229,3.720275,2.501266
192,0.612000,0.134000,0.253000,214.891000,0.693000,6.000000,21.447000,20.848000,2.649000,23.037817,20.057728,2.631237,1.590817,0.790272,0.017763,7.417434,3.790638,0.670572,2.398853
193,0.612000,0.134000,0.253000,214.891000,0.693000,8.000000,24.415000,22.322000,2.995000,26.937336,21.398930,2.896730,2.522336,0.923070,0.098270,10.331091,4.135250,3.281137,3.543676
194,0.612000,0.134000,0.253000,214.891000,0.693000,12.000000,29.561000,24.173000,3.501000,35.032162,23.595434,3.355207,5.471162,0.577566,0.145793,18.508040,2.389301,4.164312,6.194520
195,0.612000,0.134000,0.253000,214.891000,0.693000,24.000000,41.636000,26.709000,4.256000,44.803009,27.401470,4.276352,3.167009,0.692470,0.020352,7.606420,2.592647,0.478205,3.879832
196,0.612000,0.134000,0.253000,214.891000,0.693000,48.000000,58.514000,28.549000,4.450000,60.417698,27.915583,4.214190,1.903698,0.633417,0.235810,3.253406,2.218702,5.299112,2.772926
197,0.612000,0.134000,0.253000,214.891000,0.693000,72.000000,70.397000,29.373000,4.089000,69.088402,29.113565,3.972074,1.308598,0.259435,0.116926,1.858883,0.883242,2.859531,1.684959
198,0.612000,0.134000,0.253000,214.891000,0.693000,96.000000,79.382000,29.869000,3.597000,76.496658,29.892666,3.573667,2.885342,0.023666,0.023333,3.634756,0.079232,0.648671,2.932340
199,0.632000,0.094000,0.274000,198.894000,0.338000,0.000000,0.000000,0.000000,0.000000,0.000000,0.000000,0.000000,0.000000,0.000000,0.000000,0.000000,0.000000,0.000000,0.000000
200,0.632000,0.094000,0.274000,198.894000,0.338000,1.000000,15.739000,2.485000,0.644000,15.112011,3.365857,0.706442,0.626989,0.880857,0.062442,3.983665,35.446976,9.695953,1.570288
201,0.632000,0.094000,0.274000,198.894000,0.338000,2.000000,20.500000,3.761000,0.917000,24.113325,5.464084,1.110261,3.613325,1.703084,0.193261,17.625976,45.282748,21.075376,5.509670
202,0.632000,0.094000,0.274000,198.894000,0.338000,4.000000,26.479000,5.482000,1.271000,29.441820,6.022693,1.272921,2.962820,0.540693,0.001921,11.189320,9.863055,0.151157,3.505434
203,0.632000,0.094000,0.274000,198.894000,0.338000,6.000000,30.677000,6.692000,1.516000,33.840687,6.294470,1.398884,3.163687,0.397530,0.117116,10.312895,5.940372,7.725318,3.678332
204,0.632000,0.094000,0.274000,198.894000,0.338000,8.000000,34.026000,7.627000,1.702000,38.133045,6.889589,1.581933,4.107045,0.737411,0.120067,12.070314,9.668424,7.054492,4.964523
205,0.632000,0.094000,0.274000,198.894000,0.338000,12.000000,39.339000,9.027000,1.976000,41.807571,8.227326,1.837437,2.468571,0.799674,0.138563,6.275125,8.858686,7.012284,3.406808
206,0.632000,0.094000,0.274000,198.894000,0.338000,24.000000,50.256000,11.512000,2.414000,51.125576,11.871737,2.521811,0.869576,0.359737,0.107811,1.730293,3.124883,4.466093,1.337124
207,0.632000,0.094000,0.274000,198.894000,0.338000,48.000000,63.692000,13.892000,2.660000,62.318989,13.260461,2.817509,1.373011,0.631539,0.157509,2.155704,4.546064,5.921406,2.162060
208,0.632000,0.094000,0.274000,198.894000,0.338000,72.000000,72.628000,15.148000,2.618000,69.193130,13.961674,2.564867,3.434870,1.186326,0.053133,4.729401,7.831570,2.029526,4.674329
209,0.632000,0.094000,0.274000,198.894000,0.338000,96.000000,79.320000,15.960000,2.473000,76.118362,14.498253,2.061389,3.201638,1.461747,0.411611,4.036356,9.158817,16.644199,5.074996
210,0.639000,0.083000,0.278000,103.479000,0.345000,0.000000,0.000000,0.000000,0.000000,0.000000,0.000000,0.000000,0.000000,0.000000,0.000000,0.000000,0.000000,0.000000,0.000000
211,0.639000,0.083000,0.278000,103.479000,0.345000,1.000000,12.731000,1.098000,0.348000,13.295864,1.490629,0.410529,0.564864,0.392629,0.062529,4.436919,35.758601,17.968151,1.020023
212,0.639000,0.083000,0.278000,103.479000,0.345000,2.000000,16.666000,1.670000,0.462000,15.733407,1.822398,0.497658,0.932593,0.152398,0.035658,5.595782,9.125618,7.718185,1.120649
213,0.639000,0.083000,0.278000,103.479000,0.345000,4.000000,21.392000,2.453000,0.579000,17.561413,2.066067,0.582888,3.830587,0.386933,0.003888,17.906634,15.773870,0.671586,4.221409
214,0.639000,0.083000,0.278000,103.479000,0.345000,6.000000,24.553000,3.013000,0.637000,20.132162,2.523528,0.636068,4.420838,0.489472,0.000932,18.005286,16.245326,0.146276,4.911241
215,0.639000,0.083000,0.278000,103.479000,0.345000,8.000000,26.982000,3.451000,0.668000,22.702906,2.980992,0.689248,4.279094,0.470008,0.021248,15.859070,13.619477,3.180851,4.770351
216,0.639000,0.083000,0.278000,103.479000,0.345000,12.000000,30.669000,4.115000,0.688000,28.271967,3.767000,0.783689,2.397033,0.348000,0.095689,7.815817,8.456872,13.908245,2.840722
217,0.639000,0.083000,0.278000,103.479000,0.345000,24.000000,37.636000,5.317000,0.637000,38.632378,5.013129,0.648655,0.996378,0.303871,0.011655,2.647406,5.715088,1.829595,1.311903
218,0.639000,0.083000,0.278000,103.479000,0.345000,48.000000,45.185000,6.488000,0.469000,43.247227,6.345749,0.504311,1.937773,0.142251,0.035311,4.288532,2.192519,7.528902,2.115334
219,0.639000,0.083000,0.278000,103.479000,0.345000,72.000000,49.637000,7.108000,0.343000,47.365044,6.750464,0.421889,2.271956,0.357536,0.078889,4.577143,5.030044,22.999615,2.708381
220,0.639000,0.083000,0.278000,103.479000,0.345000,96.000000,52.699000,7.507000,0.257000,49.579212,6.795818,0.379325,3.119788,0.711182,0.122325,5.920013,9.473587,47.597289,3.953295
221,0.618000,0.145000,0.238000,117.169000,0.534000,0.000000,0.000000,0.000000,0.000000,0.000000,0.000000,0.000000,0.000000,0.000000,0.000000,0.000000,0.000000,0.000000,0.000000
222,0.618000,0.145000,0.238000,117.169000,0.534000,1.000000,6.946000,5.939000,0.595000,2.979661,6.627702,0.698519,3.966339,0.688702,0.103519,57.102484,11.596266,17.398170,4.758560
223,0.618000,0.145000,0.238000,117.169000,0.534000,2.000000,8.900000,8.392000,0.839000,6.596644,9.450350,1.004586,2.303356,1.058350,0.165586,25.880405,12.611413,19.736169,3.527292
224,0.618000,0.145000,0.238000,117.169000,0.534000,4.000000,11.642000,10.941000,1.142000,8.133493,11.349525,1.177800,3.508507,0.408525,0.035800,30.136631,3.733895,3.134888,3.952832
225,0.618000,0.145000,0.238000,117.169000,0.534000,6.000000,13.803000,12.328000,1.333000,9.903150,12.316672,1.276455,3.899850,0.011328,0.056545,28.253643,0.091886,4.241968,3.967724
226,0.618000,0.145000,0.238000,117.169000,0.534000,8.000000,15.673000,13.226000,1.464000,11.821357,12.974368,1.413672,3.851643,0.251632,0.050328,24.575022,1.902555,3.437674,4.153603
227,0.618000,0.145000,0.238000,117.169000,0.534000,12.000000,18.901000,14.347000,1.620000,15.675447,14.084183,1.645323,3.225553,0.262817,0.025323,17.065518,1.831862,1.563136,3.513694
228,0.618000,0.145000,0.238000,117.169000,0.534000,24.000000,26.371000,15.863000,1.698000,24.980688,15.119531,1.789202,1.390312,0.743469,0.091202,5.272124,4.686814,5.371148,2.224983
229,0.618000,0.145000,0.238000,117.169000,0.534000,48.000000,36.441000,16.942000,1.382000,35.463871,16.699999,1.372939,0.977129,0.242001,0.009061,2.681400,1.428410,0.655662,1.228191
230,0.618000,0.145000,0.238000,117.169000,0.534000,72.000000,43.171000,17.417000,1.038000,45.536228,17.623270,0.895017,2.365228,0.206270,0.142983,5.478743,1.184303,13.774899,2.714482
231,0.618000,0.145000,0.238000,117.169000,0.534000,96.000000,48.032000,17.700000,0.778000,49.766830,17.547943,0.765221,1.734830,0.152057,0.012779,3.611822,0.859078,1.642522,1.899666
232,0.574000,0.147000,0.279000,132.347000,0.448000,0.000000,0.000000,0.000000,0.000000,0.000000,0.000000,0.000000,0.000000,0.000000,0.000000,0.000000,0.000000,0.000000,0.000000
233,0.574000,0.147000,0.279000,132.347000,0.448000,1.000000,5.671000,6.759000,0.566000,5.388806,7.922735,0.572854,0.282194,1.163735,0.006854,4.976083,17.217558,1.210951,1.452782
234,0.574000,0.147000,0.279000,132.347000,0.448000,2.000000,7.215000,9.640000,0.813000,7.016134,10.533324,0.814887,0.198866,0.893324,0.001887,2.756288,9.266849,0.232080,1.094077
235,0.574000,0.147000,0.279000,132.347000,0.448000,4.000000,9.392000,12.641000,1.141000,8.839180,12.777868,1.119358,0.552820,0.136868,0.021642,5.886073,1.082733,1.896773,0.711330
236,0.574000,0.147000,0.279000,132.347000,0.448000,6.000000,11.128000,14.268000,1.371000,9.536077,14.044535,1.295917,1.591923,0.223465,0.075083,14.305567,1.566199,5.476546,1.890472
237,0.574000,0.147000,0.279000,132.347000,0.448000,8.000000,12.649000,15.316000,1.547000,10.070225,15.277875,1.474818,2.578775,0.038125,0.072182,20.387187,0.248923,4.665958,2.689083
238,0.574000,0.147000,0.279000,132.347000,0.448000,12.000000,15.318000,16.615000,1.798000,12.052199,16.423309,1.690654,3.265801,0.191691,0.107346,21.320020,1.153721,5.970292,3.564837
239,0.574000,0.147000,0.279000,132.347000,0.448000,24.000000,21.758000,18.345000,2.137000,18.053411,18.456268,2.100633,3.704589,0.111268,0.036367,17.026328,0.606532,1.701771,3.852224
240,0.574000,0.147000,0.279000,132.347000,0.448000,48.000000,31.136000,19.548000,2.119000,28.664255,19.717955,2.176290,2.471745,0.169955,0.057290,7.938543,0.869422,2.703613,2.698989
241,0.574000,0.147000,0.279000,132.347000,0.448000,72.000000,37.943000,20.068000,1.849000,37.596504,20.822365,1.774926,0.346496,0.754365,0.074074,0.913201,3.759043,4.006155,1.174934
242,0.574000,0.147000,0.279000,132.347000,0.448000,96.000000,43.170000,20.375000,1.552000,46.331791,20.440760,1.264937,3.161791,0.065760,0.287063,7.324047,0.322747,18.496348,3.514614
243,0.617000,0.087000,0.297000,177.650000,0.832000,0.000000,0.000000,0.000000,0.000000,0.000000,0.000000,0.000000,0.000000,0.000000,0.000000,0.000000,0.000000,0.000000,0.000000
244,0.617000,0.087000,0.297000,177.650000,0.832000,1.000000,21.492000,3.201000,0.804000,13.935689,2.083738,0.612090,7.556311,1.117262,0.191910,35.158715,34.903527,23.869352,8.865483
245,0.617000,0.087000,0.297000,177.650000,0.832000,2.000000,27.724000,4.642000,1.065000,24.725281,3.784971,1.019517,2.998719,0.857029,0.045483,10.816330,18.462484,4.270698,3.901231
246,0.617000,0.087000,0.297000,177.650000,0.832000,4.000000,35.462000,6.434000,1.333000,37.878502,6.410530,1.398516,2.416502,0.023470,0.065516,6.814342,0.364779,4.914942,2.505488
247,0.617000,0.087000,0.297000,177.650000,0.832000,6.000000,40.808000,7.602000,1.466000,42.127827,7.097020,1.403290,1.319827,0.504980,0.062710,3.234235,6.642730,4.277632,1.887517
248,0.617000,0.087000,0.297000,177.650000,0.832000,8.000000,45.004000,8.460000,1.534000,46.377144,7.783511,1.408064,1.373144,0.676489,0.125936,3.051160,7.996328,8.209640,2.175569
249,0.617000,0.087000,0.297000,177.650000,0.832000,12.000000,51.503000,9.676000,1.574000,54.391602,8.617874,1.385532,2.888602,1.058126,0.188468,5.608608,10.935571,11.973816,4.135195
250,0.617000,0.087000,0.297000,177.650000,0.832000,24.000000,64.075000,11.662000,1.422000,65.853004,10.583604,1.339393,1.778004,1.078396,0.082607,2.774880,9.247094,5.809177,2.939007
251,0.617000,0.087000,0.297000,177.650000,0.832000,48.000000,77.759000,13.385000,0.984000,77.894127,12.027458,0.922547,0.135127,1.357542,0.061453,0.173777,10.142262,6.245274,1.554122
252,0.617000,0.087000,0.297000,177.650000,0.832000,72.000000,85.656000,14.232000,0.674000,87.678795,13.191312,0.487934,2.022795,1.040688,0.186066,2.361533,7.312311,27.606286,3.249549
253,0.617000,0.087000,0.297000,177.650000,0.832000,96.000000,90.943000,14.757000,0.478000,93.124565,13.821727,0.422711,2.181565,0.935273,0.055289,2.398827,6.337827,11.566771,3.172127
254,0.597000,0.135000,0.268000,246.317000,0.709000,0.000000,0.000000,0.000000,0.000000,0.000000,0.000000,0.000000,0.000000,0.000000,0.000000,0.000000,0.000000,0.000000,0.000000
255,0.597000,0.135000,0.268000,246.317000,0.709000,1.000000,10.577000,12.272000,1.195000,12.055119,9.312616,0.926150,1.478119,2.959384,0.268850,13.974837,24.114925,22.497946,4.706353
256,0.597000,0.135000,0.268000,246.317000,0.709000,2.000000,13.557000,16.978000,1.710000,17.295061,14.455764,1.560339,3.738061,2.522236,0.149661,27.572923,14.855909,8.752114,6.409958
257,0.597000,0.135000,0.268000,246.317000,0.709000,4.000000,17.833000,21.769000,2.415000,20.269730,19.144375,2.288693,2.436730,2.624625,0.126307,13.664160,12.056710,5.230115,5.187662
258,0.597000,0.135000,0.268000,246.317000,0.709000,6.000000,21.259000,24.348000,2.929000,23.140474,22.580214,2.843759,1.881474,1.767786,0.085241,8.850248,7.260500,2.910257,3.734502
259,0.597000,0.135000,0.268000,246.317000,0.709000,8.000000,24.259000,26.014000,3.336000,26.967356,23.980457,3.123066,2.708356,2.033543,0.212934,11.164334,7.817109,6.382908,4.954832
260,0.597000,0.135000,0.268000,246.317000,0.709000,12.000000,29.503000,28.093000,3.956000,34.653534,26.778011,3.681652,5.150534,1.314989,0.274348,17.457662,4.680841,6.934983,6.739871
261,0.597000,0.135000,0.268000,246.317000,0.709000,24.000000,42.004000,30.917000,4.994000,47.581421,31.669155,4.842514,5.577421,0.752155,0.151486,13.278309,2.432821,3.033369,6.481062
262,0.597000,0.135000,0.268000,246.317000,0.709000,48.000000,59.914000,32.947000,5.560000,63.549294,33.335697,5.264491,3.635294,0.388697,0.295509,6.067519,1.179765,5.314909,4.319500
263,0.597000,0.135000,0.268000,246.317000,0.709000,72.000000,72.844000,33.852000,5.394000,74.118042,33.599377,4.881322,1.274042,0.252623,0.512678,1.749001,0.746258,9.504591,2.039343
264,0.597000,0.135000,0.268000,246.317000,0.709000,96.000000,82.822000,34.396000,4.980000,82.353035,33.992535,4.673913,0.468965,0.403465,0.306087,0.566232,1.173001,6.146335,1.178518
265,0.576000,0.129000,0.294000,115.725000,1.177000,0.000000,0.000000,0.000000,0.000000,0.000000,0.000000,0.000000,0.000000,0.000000,0.000000,0.000000,0.000000,0.000000,0.000000
266,0.576000,0.129000,0.294000,115.725000,1.177000,1.000000,8.696000,6.448000,0.584000,3.526314,3.009815,0.233411,5.169686,3.438185,0.350589,59.449008,53.321724,60.032335,8.958459
267,0.576000,0.129000,0.294000,115.725000,1.177000,2.000000,11.362000,8.673000,0.734000,9.539866,7.359305,0.662248,1.822134,1.313695,0.071752,16.037085,15.146946,9.775467,3.207580
268,0.576000,0.129000,0.294000,115.725000,1.177000,4.000000,15.199000,10.799000,0.836000,15.334504,10.402282,0.901565,0.135504,0.396718,0.065565,0.891533,3.673657,7.842662,0.597787
269,0.576000,0.129000,0.294000,115.725000,1.177000,6.000000,18.212000,11.891000,0.842000,17.000513,11.535933,0.924104,1.211487,0.355067,0.082104,6.652136,2.986018,9.751094,1.648659
270,0.576000,0.129000,0.294000,115.725000,1.177000,8.000000,20.770000,12.580000,0.812000,18.608204,12.401651,0.871631,2.161796,0.178349,0.059631,10.408262,1.417716,7.343759,2.399776
271,0.576000,0.129000,0.294000,115.725000,1.177000,12.000000,25.015000,13.424000,0.719000,22.616114,13.393020,0.712105,2.398886,0.030980,0.006895,9.589791,0.230783,0.958982,2.436762
272,0.576000,0.129000,0.294000,115.725000,1.177000,24.000000,33.883000,14.554000,0.471000,32.370079,14.921426,0.391915,1.512921,0.367426,0.079085,4.465133,2.524569,16.790929,1.959432
273,0.576000,0.129000,0.294000,115.725000,1.177000,48.000000,43.919000,15.364000,0.239000,42.690529,15.444820,0.063050,1.228471,0.080820,0.175950,2.797129,0.526038,73.619206,1.485241
274,0.576000,0.129000,0.294000,115.725000,1.177000,72.000000,49.699000,15.725000,0.146000,47.444901,16.027952,0.015175,2.254099,0.302952,0.130825,4.535503,1.926564,89.606120,2.687877
275,0.576000,0.129000,0.294000,115.725000,1.177000,96.000000,53.531000,15.940000,0.099000,52.101658,16.629255,0.000000,1.429342,0.689255,0.099000,2.670120,4.324061,100.000000,2.217597
276,0.574000,0.144000,0.282000,101.257000,0.960000,0.000000,0.000000,0.000000,0.000000,0.000000,0.000000,0.000000,0.000000,0.000000,0.000000,0.000000,0.000000,0.000000,0.000000
277,0.574000,0.144000,0.282000,101.257000,0.960000,1.000000,6.476000,6.559000,0.513000,2.617316,3.355447,0.200029,3.858684,3.203553,0.312971,59.584366,48.842098,61.007946,7.375207
278,0.574000,0.144000,0.282000,101.257000,0.960000,2.000000,8.451000,8.813000,0.667000,7.525239,6.355965,0.495987,0.925761,2.457035,0.171013,10.954455,27.879665,25.639126,3.553809
279,0.574000,0.144000,0.282000,101.257000,0.960000,4.000000,11.355000,10.913000,0.797000,11.197364,9.406981,0.729263,0.157636,1.506019,0.067737,1.388253,13.800225,8.499003,1.731392
280,0.574000,0.144000,0.282000,101.257000,0.960000,6.000000,13.695000,11.964000,0.833000,12.657221,10.507463,0.754817,1.037779,1.456537,0.078183,7.577796,12.174335,9.385770,2.572500
281,0.574000,0.144000,0.282000,101.257000,0.960000,8.000000,15.723000,12.615000,0.828000,13.605089,11.209565,0.739681,2.117911,1.405435,0.088319,13.470144,11.140982,10.666545,3.611665
282,0.574000,0.144000,0.282000,101.257000,0.960000,12.000000,19.169000,13.399000,0.767000,15.606188,12.534000,0.707644,3.562812,0.865000,0.059356,18.586323,6.455703,7.738732,4.487168
283,0.574000,0.144000,0.282000,101.257000,0.960000,24.000000,26.667000,14.420000,0.541000,25.215300,14.459045,0.433089,1.451700,0.039045,0.107911,5.443808,0.270773,19.946572,1.598657
284,0.574000,0.144000,0.282000,101.257000,0.960000,48.000000,35.572000,15.131000,0.288000,35.079124,14.922276,0.075581,0.492876,0.208724,0.212419,1.385572,1.379443,73.756554,0.914018
285,0.574000,0.144000,0.282000,101.257000,0.960000,72.000000,40.874000,15.443000,0.179000,39.735889,15.523581,0.029575,1.138111,0.080581,0.149425,2.784436,0.521793,83.477610,1.368116
286,0.574000,0.144000,0.282000,101.257000,0.960000,96.000000,44.455000,15.629000,0.123000,44.392647,16.124887,0.000000,0.062353,0.495887,0.123000,0.140261,3.172868,100.000000,0.681241
287,0.649000,0.141000,0.210000,194.684000,0.573000,0.000000,0.000000,0.000000,0.000000,0.000000,0.000000,0.000000,0.000000,0.000000,0.000000,0.000000,0.000000,0.000000,0.000000
288,0.649000,0.141000,0.210000,194.684000,0.573000,1.000000,10.186000,9.156000,0.998000,12.875200,10.073362,0.787754,2.689200,0.917362,0.210246,26.400945,10.019248,21.066698,3.816808
289,0.649000,0.141000,0.210000,194.684000,0.573000,2.000000,13.028000,12.914000,1.429000,15.728040,13.306041,1.216112,2.700040,0.392041,0.212888,20.724898,3.035781,14.897681,3.304968
290,0.649000,0.141000,0.210000,194.684000,0.573000,4.000000,17.014000,16.904000,2.007000,19.679209,18.153936,1.942452,2.665209,1.249936,0.064548,15.664798,7.394323,3.216128,3.979693
291,0.649000,0.141000,0.210000,194.684000,0.573000,6.000000,20.149000,19.127000,2.420000,23.064323,19.628151,2.215205,2.915323,0.501151,0.204795,14.468824,2.620123,8.462585,3.621269
292,0.649000,0.141000,0.210000,194.684000,0.573000,8.000000,22.864000,20.589000,2.742000,26.898283,20.601711,2.425536,4.034283,0.012711,0.316464,17.644695,0.061738,11.541342,4.363458
293,0.649000,0.141000,0.210000,194.684000,0.573000,12.000000,27.557000,22.447000,3.220000,31.807596,22.226517,2.769748,4.250596,0.220483,0.450252,15.424742,0.982239,13.982990,4.921332
294,0.649000,0.141000,0.210000,194.684000,0.573000,24.000000,38.573000,25.023000,3.970000,40.747166,25.572239,3.658388,2.174166,0.549239,0.311612,5.636496,2.194936,7.849165,3.035016
295,0.649000,0.141000,0.210000,194.684000,0.573000,48.000000,54.097000,26.907000,4.259000,52.518959,25.960352,4.093180,1.578041,0.946648,0.165820,2.917058,3.518222,3.893398,2.690509
296,0.649000,0.141000,0.210000,194.684000,0.573000,72.000000,65.169000,27.752000,4.006000,64.234100,25.926315,3.699738,0.934900,1.825685,0.306262,1.434577,6.578570,7.645088,3.066847
297,0.649000,0.141000,0.210000,194.684000,0.573000,96.000000,73.641000,28.260000,3.598000,72.638420,26.579853,3.194663,1.002580,1.680147,0.403337,1.361443,5.945318,11.210032,3.086064
298,0.572000,0.140000,0.288000,57.738000,0.382000,0.000000,0.000000,0.000000,0.000000,0.000000,0.000000,0.000000,0.000000,0.000000,0.000000,0.000000,0.000000,0.000000,0.000000
299,0.572000,0.140000,0.288000,57.738000,0.382000,1.000000,3.942000,2.249000,0.213000,3.336505,1.903723,0.328900,0.605495,0.345277,0.115900,15.360104,15.352484,54.413220,1.066673
300,0.572000,0.140000,0.288000,57.738000,0.382000,2.000000,5.079000,3.359000,0.288000,4.886841,2.052378,0.389145,0.192159,1.306622,0.101145,3.783406,38.899138,35.119963,1.599927
301,0.572000,0.140000,0.288000,57.738000,0.382000,4.000000,6.596000,4.617000,0.361000,6.806006,2.658567,0.459592,0.210006,1.958433,0.098592,3.183845,42.417859,27.310824,2.267031
302,0.572000,0.140000,0.288000,57.738000,0.382000,6.000000,7.745000,5.347000,0.393000,8.713312,3.578849,0.504250,0.968312,1.768151,0.111250,12.502416,33.068088,28.307840,2.847713
303,0.572000,0.140000,0.288000,57.738000,0.382000,8.000000,8.713000,5.834000,0.406000,8.912009,3.841496,0.498870,0.199009,1.992504,0.092870,2.284050,34.153308,22.874476,2.284384
304,0.572000,0.140000,0.288000,57.738000,0.382000,12.000000,10.337000,6.459000,0.402000,9.684527,4.431133,0.491390,0.652473,2.027867,0.089390,6.312011,31.395993,22.236405,2.769730
305,0.572000,0.140000,0.288000,57.738000,0.382000,24.000000,13.909000,7.325000,0.331000,14.053679,6.715614,0.500202,0.144679,0.609386,0.169202,1.040179,8.319265,51.118321,0.923266
306,0.572000,0.140000,0.288000,57.738000,0.382000,48.000000,18.398000,7.947000,0.206000,16.340687,7.810146,0.251658,2.057313,0.136854,0.045658,11.182265,1.722080,22.163973,2.239825
307,0.572000,0.140000,0.288000,57.738000,0.382000,72.000000,21.255000,8.218000,0.139000,19.653873,8.326164,0.143255,1.601127,0.108164,0.004255,7.532941,1.316187,3.061041,1.713546
308,0.572000,0.140000,0.288000,57.738000,0.382000,96.000000,23.279000,8.377000,0.100000,23.002867,8.814823,0.032216,0.276133,0.437823,0.067784,1.186190,5.226491,67.784300,0.781741
309,0.579000,0.147000,0.274000,82.925000,0.345000,0.000000,0.000000,0.000000,0.000000,0.000000,0.000000,0.000000,0.000000,0.000000,0.000000,0.000000,0.000000,0.000000,0.000000
310,0.579000,0.147000,0.274000,82.925000,0.345000,1.000000,4.420000,3.555000,0.327000,3.115343,3.399061,0.364502,1.304657,0.155939,0.037502,29.517125,4.386477,11.468414,1.498098
311,0.579000,0.147000,0.274000,82.925000,0.345000,2.000000,5.640000,5.259000,0.468000,5.018517,4.406841,0.490276,0.621483,0.852159,0.022276,11.019210,16.203826,4.759812,1.495919
312,0.579000,0.147000,0.274000,82.925000,0.345000,4.000000,7.297000,7.158000,0.640000,7.383387,6.507981,0.623481,0.086387,0.650019,0.016519,1.183865,9.081010,2.581070,0.752924
313,0.579000,0.147000,0.274000,82.925000,0.345000,6.000000,8.580000,8.241000,0.749000,8.473537,7.429996,0.683071,0.106463,0.811004,0.065929,1.240822,9.841081,8.802259,0.983395
314,0.579000,0.147000,0.274000,82.925000,0.345000,8.000000,9.684000,8.959000,0.824000,8.465466,7.886485,0.710545,1.218534,1.072515,0.113455,12.582956,11.971368,13.768767,2.404503
315,0.579000,0.147000,0.274000,82.925000,0.345000,12.000000,11.586000,9.870000,0.915000,8.514042,8.801793,0.765006,3.071958,1.068207,0.149994,26.514398,10.822765,16.392734,4.290159
316,0.579000,0.147000,0.274000,82.925000,0.345000,24.000000,16.031000,11.118000,0.965000,10.591227,11.267202,0.962443,5.439773,0.149202,0.002557,33.932839,1.341989,0.264969,5.591533
317,0.579000,0.147000,0.274000,82.925000,0.345000,48.000000,22.203000,12.002000,0.797000,20.941589,12.322690,0.841218,1.261411,0.320690,0.044218,5.681262,2.671971,5.548002,1.626318
318,0.579000,0.147000,0.274000,82.925000,0.345000,72.000000,26.476000,12.385000,0.610000,27.085493,12.369921,0.593962,0.609493,0.015079,0.016038,2.302059,0.121754,2.629119,0.640610
319,0.579000,0.147000,0.274000,82.925000,0.345000,96.000000,29.648000,12.610000,0.466000,31.582706,12.354122,0.476232,1.934706,0.255878,0.010232,6.525588,2.029166,2.195815,2.200817
320,0.574000,0.141000,0.285000,72.864000,0.733000,0.000000,0.000000,0.000000,0.000000,0.000000,0.000000,0.000000,0.000000,0.000000,0.000000,0.000000,0.000000,0.000000,0.000000
321,0.574000,0.141000,0.285000,72.864000,0.733000,1.000000,5.227000,3.910000,0.312000,3.033199,2.010864,0.220044,2.193801,1.899136,0.091956,41.970551,48.571265,29.473076,4.184893
322,0.574000,0.141000,0.285000,72.864000,0.733000,2.000000,6.778000,5.477000,0.396000,4.762362,3.441449,0.299231,2.015638,2.035551,0.096769,29.737939,37.165434,24.436626,4.147957
323,0.574000,0.141000,0.285000,72.864000,0.733000,4.000000,8.962000,7.052000,0.457000,8.149675,5.272762,0.427983,0.812325,1.779238,0.029017,9.064100,25.230263,6.349423,2.620580
324,0.574000,0.141000,0.285000,72.864000,0.733000,6.000000,10.666000,7.884000,0.465000,9.158025,5.670031,0.425792,1.507975,2.213969,0.039208,14.138151,28.081804,8.431743,3.761152
325,0.574000,0.141000,0.285000,72.864000,0.733000,8.000000,12.116000,8.412000,0.453000,10.056138,6.149995,0.398379,2.059862,2.262005,0.054621,17.001172,26.890212,12.057616,4.376488
326,0.574000,0.141000,0.285000,72.864000,0.733000,12.000000,14.539000,9.062000,0.409000,12.111201,7.182465,0.361920,2.427799,1.879535,0.047080,16.698526,20.740845,11.510974,4.354414
327,0.574000,0.141000,0.285000,72.864000,0.733000,24.000000,19.723000,9.926000,0.281000,19.383280,9.172473,0.235609,0.339720,0.753527,0.045391,1.722457,7.591447,16.153361,1.138638
328,0.574000,0.141000,0.285000,72.864000,0.733000,48.000000,25.849000,10.530000,0.151000,24.723822,10.092440,0.141031,1.125178,0.437560,0.009969,4.352889,4.155369,6.602275,1.572708
329,0.574000,0.141000,0.285000,72.864000,0.733000,72.000000,29.523000,10.793000,0.096000,28.698523,10.406991,0.086795,0.824477,0.386009,0.009205,2.792661,3.576475,9.588625,1.219692
330,0.574000,0.141000,0.285000,72.864000,0.733000,96.000000,32.023000,10.948000,0.067000,32.420387,10.794035,0.018259,0.397387,0.153965,0.048741,1.240943,1.406330,72.747166,0.600093
