condition,solids_g_L,enzyme_FPU_per_g_cellulose,enzyme_g_L,cellulose_frac,hemicellulose_frac,lignin_frac,time_h,glucose_rep1,glucose_rep2,glucose_g_L,glucose_sd,xylose_rep1,xylose_rep2,xylose_g_L,xylose_sd,cellobiose_rep1,cellobiose_rep2,cellobiose_g_L,cellobiose_sd,cellobiose_censored,replicates_identical
S150_E5FPU,150.0,5.0,0.0875,0.6655,0.082,0.252,0.0,0.0,0.0,0.0,0.0,0.0,0.0,0.0,0.0,0.0,0.0,0.0,0.0,False,False
S150_E5FPU,150.0,5.0,0.0875,0.6655,0.082,0.252,1.0,3.1467,2.9614,2.9902,0.0655,0.6256,0.6358,0.5542,0.0072,0.051,0.0408,0.0,0.0036,True,False
S150_E5FPU,150.0,5.0,0.0875,0.6655,0.082,0.252,2.0,5.0626,4.471,4.7029,0.2092,2.0485,1.904,1.9015,0.1022,0.0561,0.0459,0.0,0.0036,True,False
S150_E5FPU,150.0,5.0,0.0875,0.6655,0.082,0.252,6.0,13.175,11.764,12.4056,0.4989,3.009,2.771,2.8135,0.1683,0.238,0.17,0.0214,0.024,False,False
S150_E5FPU,150.0,5.0,0.0875,0.6655,0.082,0.252,12.0,19.873,17.289,18.5171,0.9136,4.403,4.148,4.1956,0.1803,0.527,0.408,0.2849,0.0421,False,False
S150_E5FPU,150.0,5.0,0.0875,0.6655,0.082,0.252,24.0,30.09,25.891,27.9266,1.4846,5.61,5.236,5.3448,0.2645,0.765,0.646,0.5229,0.0421,False,False
S150_E5FPU,150.0,5.0,0.0875,0.6655,0.082,0.252,48.0,42.381,39.78,41.0166,0.9196,6.868,6.851,6.7745,0.012,1.139,1.003,0.8884,0.0481,False,False
S150_E5FPU,150.0,5.0,0.0875,0.6655,0.082,0.252,72.0,46.563,45.288,45.8616,0.4508,7.854,7.939,7.8115,0.0601,1.105,1.054,0.8969,0.018,False,False
S150_E10FPU,150.0,10.0,0.175,0.6655,0.082,0.252,0.0,0.0,0.0,0.0,0.0,0.0,0.0,0.0,0.0,0.0,0.0,0.0,0.0,False,False
S150_E10FPU,150.0,10.0,0.175,0.6655,0.082,0.252,1.0,10.458,9.5796,8.7717,0.6211,1.5888,1.5384,1.4347,0.0356,0.4068,0.3612,0.1749,0.0322,False,False
S150_E10FPU,150.0,10.0,0.175,0.6655,0.082,0.252,2.0,15.576,13.644,13.3629,1.3661,2.22,2.052,2.0071,0.1188,0.588,0.564,0.3669,0.017,False,False
S150_E10FPU,150.0,10.0,0.175,0.6655,0.082,0.252,4.0,25.524,23.16,23.0949,1.6716,3.0,2.916,2.8291,0.0594,0.948,0.852,0.6909,0.0679,False,False
S150_E10FPU,150.0,10.0,0.175,0.6655,0.082,0.252,6.0,31.356,28.86,28.8609,1.7649,3.384,3.276,3.2011,0.0764,1.008,1.056,0.8229,0.0339,False,False
S150_E10FPU,150.0,10.0,0.175,0.6655,0.082,0.252,8.0,34.812,33.876,33.0969,0.6619,3.612,3.648,3.5011,0.0255,1.104,1.164,0.9249,0.0424,False,False
S150_E10FPU,150.0,10.0,0.175,0.6655,0.082,0.252,12.0,38.688,38.352,37.2729,0.2376,3.912,4.008,3.8311,0.0679,1.224,1.296,1.0509,0.0509,False,False
S150_E10FPU,150.0,10.0,0.175,0.6655,0.082,0.252,24.0,47.028,46.176,45.3549,0.6025,4.572,4.596,4.4551,0.017,1.608,1.632,1.4109,0.017,False,False
S150_E10FPU,150.0,10.0,0.175,0.6655,0.082,0.252,48.0,53.023,56.593,53.5609,2.5244,7.242,8.432,7.7081,0.8415,1.207,1.377,1.0829,0.1202,False,False
S150_E10FPU,150.0,10.0,0.175,0.6655,0.082,0.252,72.0,58.786,55.522,55.9069,2.308,7.922,8.211,7.9376,0.2044,1.19,1.122,0.9469,0.0481,False,False
S150_E10FPU,150.0,10.0,0.175,0.6655,0.082,0.252,96.0,60.537,57.783,57.9129,1.9474,8.381,8.602,8.3626,0.1563,1.173,1.105,0.9299,0.0481,False,False
S150_E15FPU,150.0,15.0,0.2625,0.6655,0.082,0.252,0.0,0.0,0.0,0.0,0.0,0.0,0.0,0.0,0.0,0.0,0.0,0.0,0.0,False,False
S150_E15FPU,150.0,15.0,0.2625,0.6655,0.082,0.252,1.0,7.7673,7.1281,7.1951,0.452,1.6745,1.6677,1.4358,0.0048,0.4845,0.5032,0.0,0.0132,True,False
S150_E15FPU,150.0,15.0,0.2625,0.6655,0.082,0.252,2.0,12.0513,12.9897,12.2679,0.6635,4.3367,4.6104,4.2382,0.1935,0.6477,0.7548,0.1395,0.0757,False,False
S150_E15FPU,150.0,15.0,0.2625,0.6655,0.082,0.252,6.0,28.543,29.104,28.5709,0.3967,4.964,5.117,4.8052,0.1082,1.139,1.173,0.5943,0.024,False,False
S150_E15FPU,150.0,15.0,0.2625,0.6655,0.082,0.252,12.0,39.661,40.681,39.9184,0.7212,6.647,6.851,6.5137,0.1442,1.411,1.479,0.8833,0.0481,False,False
S150_E15FPU,150.0,15.0,0.2625,0.6655,0.082,0.252,24.0,49.572,50.116,49.5914,0.3847,7.718,7.684,7.4657,0.024,1.734,1.785,1.1978,0.0361,False,False
S150_E15FPU,150.0,15.0,0.2625,0.6655,0.082,0.252,48.0,59.16,61.812,60.2334,1.8752,8.976,9.367,8.9362,0.2765,2.074,2.227,1.5888,0.1082,False,False
S150_E15FPU,150.0,15.0,0.2625,0.6655,0.082,0.252,72.0,64.94,64.94,64.6874,0.0,10.183,10.336,10.0242,0.1082,0.34,0.34,0.0,0.0,True,True
S150_E20FPU,150.0,20.0,0.35,0.6655,0.082,0.252,0.0,0.0,0.0,0.0,0.0,0.0,0.0,0.0,0.0,0.0,0.0,0.0,0.0,False,False
S150_E20FPU,150.0,20.0,0.35,0.6655,0.082,0.252,1.0,9.3143,10.0147,9.2932,0.4953,2.1726,2.4429,1.9787,0.1911,0.8721,0.9112,0.0953,0.0276,False,False
S150_E20FPU,150.0,20.0,0.35,0.6655,0.082,0.252,2.0,14.909,15.81,14.9882,0.6371,5.1272,5.4791,4.9741,0.2488,0.9979,1.0659,0.2356,0.0481,False,False
S150_E20FPU,150.0,20.0,0.35,0.6655,0.082,0.252,6.0,34.986,35.173,34.7082,0.1322,5.695,5.763,5.3999,0.0481,1.513,1.581,0.7507,0.0481,False,False
S150_E20FPU,150.0,20.0,0.35,0.6655,0.082,0.252,12.0,44.455,46.002,44.8572,1.0939,7.174,7.463,6.9894,0.2044,1.768,1.853,1.0142,0.0601,False,False
S150_E20FPU,150.0,20.0,0.35,0.6655,0.082,0.252,24.0,54.723,56.338,55.1592,1.142,8.534,8.33,8.1029,0.1442,2.125,2.244,1.3882,0.0841,False,False
S150_E20FPU,150.0,20.0,0.35,0.6655,0.082,0.252,48.0,67.575,65.025,65.9287,1.8031,10.081,9.945,9.6839,0.0962,2.618,2.567,1.7962,0.0361,False,False
S150_E20FPU,150.0,20.0,0.35,0.6655,0.082,0.252,72.0,68.187,69.955,68.6997,1.2502,10.506,10.727,10.2874,0.1563,2.448,2.55,1.7027,0.0721,False,False
S150_E25FPU,150.0,25.0,0.4375,0.6655,0.082,0.252,0.0,0.0,0.0,0.0,0.0,0.0,0.0,0.0,0.0,0.0,0.0,0.0,0.0,False,False
S150_E25FPU,150.0,25.0,0.4375,0.6655,0.082,0.252,1.0,11.4767,13.8873,12.2298,1.7046,2.8781,3.4255,2.7533,0.3871,1.0693,1.2036,0.1716,0.095,False,False
S150_E25FPU,150.0,25.0,0.4375,0.6655,0.082,0.252,2.0,17.9282,19.9682,18.496,1.4425,6.0571,6.5399,5.9,0.3414,1.2784,1.3889,0.3688,0.0781,False,False
S150_E25FPU,150.0,25.0,0.4375,0.6655,0.082,0.252,6.0,40.069,39.457,39.3108,0.4327,6.392,6.426,6.0105,0.024,1.853,1.853,0.8881,0.0,False,False
S150_E25FPU,150.0,25.0,0.4375,0.6655,0.082,0.252,12.0,47.77,47.906,47.3858,0.0962,7.548,7.718,7.2345,0.1202,2.074,2.125,1.1346,0.0361,False,False
S150_E25FPU,150.0,25.0,0.4375,0.6655,0.082,0.252,24.0,56.831,55.76,55.8433,0.7573,8.602,8.806,8.3055,0.1442,2.414,2.397,1.4406,0.012,False,False
S150_E25FPU,150.0,25.0,0.4375,0.6655,0.082,0.252,48.0,66.742,65.586,65.7118,0.8174,10.183,10.268,9.827,0.0601,2.754,2.703,1.7636,0.0361,False,False
S150_E25FPU,150.0,25.0,0.4375,0.6655,0.082,0.252,72.0,69.615,66.776,67.7433,2.0075,10.982,11.169,10.677,0.1322,2.618,2.516,1.6021,0.0721,False,False
S150_E30FPU,150.0,30.0,0.525,0.6655,0.082,0.252,0.0,0.0,0.0,0.0,0.0,0.0,0.0,0.0,0.0,0.0,0.0,0.0,0.0,False,False
S150_E30FPU,150.0,30.0,0.525,0.6655,0.082,0.252,1.0,35.604,23.808,27.4486,8.341,3.996,2.808,1.9959,0.84,1.464,0.984,0.7766,0.3394,False,False
S150_E30FPU,150.0,30.0,0.525,0.6655,0.082,0.252,2.0,44.388,34.596,37.2346,6.924,4.812,3.816,2.9079,0.7043,1.728,1.26,1.0466,0.3309,False,False
S150_E30FPU,150.0,30.0,0.525,0.6655,0.082,0.252,6.0,44.03,40.103,39.8091,2.7768,10.353,9.911,8.7259,0.3125,1.581,1.479,1.0826,0.0721,False,False
S150_E30FPU,150.0,30.0,0.525,0.6655,0.082,0.252,12.0,53.414,46.614,47.7566,4.8083,11.934,10.931,10.0264,0.7092,1.785,1.53,1.2101,0.1803,False,False
S150_E30FPU,150.0,30.0,0.525,0.6655,0.082,0.252,24.0,66.368,54.706,58.2796,8.2463,13.056,10.693,10.4684,1.6709,2.04,1.649,1.3971,0.2765,False,False
S150_E30FPU,150.0,30.0,0.525,0.6655,0.082,0.252,48.0,68.782,63.92,64.0936,3.438,13.192,12.257,11.3184,0.6611,2.023,1.87,1.4991,0.1082,False,False
S150_E30FPU,150.0,30.0,0.525,0.6655,0.082,0.252,72.0,75.667,63.427,67.2896,8.655,13.209,13.124,11.7604,0.0601,2.176,1.734,1.5076,0.3125,False,False
S150_E60FPU,150.0,60.0,1.05,0.6655,0.082,0.252,0.0,0.0,0.0,0.0,0.0,0.0,0.0,0.0,0.0,0.0,0.0,0.0,0.0,False,False
S150_E60FPU,150.0,60.0,1.05,0.6655,0.082,0.252,1.0,36.768,35.928,32.3115,0.297,3.504,3.528,0.5085,0.017,1.872,1.956,0.8932,0.0594,False,False
S150_E60FPU,150.0,60.0,1.05,0.6655,0.082,0.252,2.0,46.74,48.084,43.3755,0.4752,4.392,4.584,1.4805,0.1358,2.16,2.268,1.1932,0.0764,False,False
S150_E60FPU,150.0,60.0,1.05,0.6655,0.082,0.252,6.0,48.178,47.175,43.64,0.3546,11.798,12.036,8.9095,0.1683,2.295,2.295,1.2742,0.0,False,False
S150_E60FPU,150.0,60.0,1.05,0.6655,0.082,0.252,12.0,55.097,55.352,51.188,0.0902,12.342,13.073,9.7,0.5169,2.397,2.465,1.4102,0.0481,False,False
S150_E60FPU,150.0,60.0,1.05,0.6655,0.082,0.252,24.0,62.407,61.574,57.954,0.2945,13.821,13.923,10.8645,0.0721,2.499,2.516,1.4867,0.012,False,False
S150_E60FPU,150.0,60.0,1.05,0.6655,0.082,0.252,48.0,72.182,71.332,67.7205,0.3005,14.739,14.688,11.706,0.0361,2.822,2.839,1.8097,0.012,False,False
S150_E60FPU,150.0,60.0,1.05,0.6655,0.082,0.252,72.0,73.899,75.718,70.772,0.6431,14.331,15.181,11.7485,0.601,2.89,2.958,1.9032,0.0481,False,False
S200_E10FPU,200.0,10.0,0.2333,0.6655,0.082,0.252,0.0,0.0,0.0,0.0,0.0,0.0,0.0,0.0,0.0,0.0,0.0,0.0,0.0,False,False
S200_E10FPU,200.0,10.0,0.2333,0.6655,0.082,0.252,1.0,6.1574,5.1323,5.4619,0.7249,2.9206,2.652,2.5007,0.1899,0.5814,0.4658,0.0,0.0817,True,False
S200_E10FPU,200.0,10.0,0.2333,0.6655,0.082,0.252,2.0,6.9768,5.2462,5.9286,1.2237,3.9032,3.2657,3.2988,0.4508,0.5083,0.442,0.0,0.0469,True,False
S200_E10FPU,200.0,10.0,0.2333,0.6655,0.082,0.252,4.0,12.58,11.526,11.8701,0.7453,3.842,3.706,3.4884,0.0962,0.697,0.68,0.0,0.012,True,False
S200_E10FPU,200.0,10.0,0.2333,0.6655,0.082,0.252,6.0,11.764,16.575,13.9866,3.4019,3.825,4.539,3.8964,0.5049,0.646,0.629,0.0,0.012,True,False
S200_E10FPU,200.0,10.0,0.2333,0.6655,0.082,0.252,8.0,26.078,18.564,22.1381,5.3132,6.63,5.219,5.6389,0.9977,1.428,1.071,0.467,0.2524,False,False
S200_E10FPU,200.0,10.0,0.2333,0.6655,0.082,0.252,12.0,20.417,28.883,24.4671,5.9864,5.423,6.664,5.7579,0.8775,1.139,1.445,0.5095,0.2164,False,False
S200_E10FPU,200.0,10.0,0.2333,0.6655,0.082,0.252,24.0,43.707,34.595,38.9681,6.4432,8.942,7.939,8.1549,0.7092,1.836,1.649,0.96,0.1322,False,False
S200_E10FPU,200.0,10.0,0.2333,0.6655,0.082,0.252,48.0,53.414,49.113,51.0806,3.0413,9.809,9.333,9.2854,0.3366,2.125,2.006,1.283,0.0841,False,False
S200_E10FPU,200.0,10.0,0.2333,0.6655,0.082,0.252,72.0,74.749,66.946,70.6646,5.5176,11.985,11.22,11.3169,0.5409,3.247,2.703,2.1925,0.3847,False,False
S200_E10FPU,200.0,10.0,0.2333,0.6655,0.082,0.252,96.0,84.728,84.677,84.5196,0.0361,12.376,12.172,11.9884,0.1442,0.884,0.901,0.11,0.012,False,False
