temperature_C,time_min,solids_g_L,cellulose_frac,hemicellulose_frac,lignin_frac,extractives_frac,ash_frac,glucose_g_L,glucooligomers_g_L,hmf_g_L,formic_acid_g_L,xylose_g_L,arabinose_g_L,xylooligomers_g_L,arabinooligomers_g_L,furfural_g_L,acetic_acid_g_L,glucuronic_acid_g_L
180.0,0.0,100.0,0.348,0.23,0.241,0.149,0.071,0.6,0.44,0.01,0.0,0.56,0.15,0.57,0.35,0.02,0.0,0.0
180.0,5.0,100.0,0.348,0.23,0.241,0.149,0.071,1.91,0.45,0.07,0.44,1.13,0.96,4.47,0.67,0.11,0.29,0.23
180.0,10.0,100.0,0.348,0.23,0.241,0.149,0.071,2.06,0.39,0.08,0.47,1.11,0.98,5.52,0.78,0.13,0.35,0.3
180.0,15.0,100.0,0.348,0.23,0.241,0.149,0.071,2.22,0.4,0.07,0.5,1.38,0.37,7.03,0.8,0.14,0.4,0.38
180.0,20.0,100.0,0.348,0.23,0.241,0.149,0.071,2.25,0.32,0.09,0.82,1.03,1.17,10.27,0.89,0.22,0.49,0.4
180.0,30.0,100.0,0.348,0.23,0.241,0.149,0.071,2.49,0.26,0.15,0.9,1.28,1.03,12.25,1.06,0.39,0.68,0.97
180.0,40.0,100.0,0.348,0.23,0.241,0.149,0.071,2.64,0.17,0.18,0.94,2.03,1.01,11.91,0.63,0.9,0.9,2.86
195.0,0.0,100.0,0.348,0.23,0.241,0.149,0.071,1.16,0.64,0.05,0.0,1.12,0.27,1.45,0.22,0.28,0.13,0.0
195.0,5.0,100.0,0.348,0.23,0.241,0.149,0.071,2.04,0.97,0.13,0.64,1.39,0.92,6.48,0.7,0.28,0.45,0.51
195.0,10.0,100.0,0.348,0.23,0.241,0.149,0.071,2.26,1.02,0.22,1.1,1.92,0.96,9.66,0.91,0.64,0.8,2.4
195.0,15.0,100.0,0.348,0.23,0.241,0.149,0.071,2.51,0.43,0.34,1.37,2.91,1.1,11.12,0.36,1.37,1.08,3.88
195.0,20.0,100.0,0.348,0.23,0.241,0.149,0.071,2.45,0.21,0.45,1.72,3.71,0.97,5.43,0.11,2.38,1.23,4.72
195.0,30.0,100.0,0.348,0.23,0.241,0.149,0.071,2.13,0.1,0.6,1.95,4.93,0.82,3.39,0.47,3.97,1.66,3.79
195.0,40.0,100.0,0.348,0.23,0.241,0.149,0.071,1.12,0.11,0.74,0.89,3.47,0.36,0.65,0.05,5.31,1.53,1.26
210.0,0.0,100.0,0.348,0.23,0.241,0.149,0.071,2.12,0.1,0.49,0.78,1.47,0.43,4.73,0.17,2.74,0.58,1.81
210.0,5.0,100.0,0.348,0.23,0.241,0.149,0.071,2.44,0.25,0.48,1.87,4.04,0.86,7.07,0.23,2.72,1.44,4.17
210.0,10.0,100.0,0.348,0.23,0.241,0.149,0.071,1.38,0.62,0.75,2.12,4.16,1.15,0.94,0.05,5.07,2.0,2.05
210.0,15.0,100.0,0.348,0.23,0.241,0.149,0.071,1.18,0.6,1.17,2.38,1.09,1.06,0.22,0.03,5.4,2.21,0.47
210.0,20.0,100.0,0.348,0.23,0.241,0.149,0.071,0.86,0.51,1.2,2.36,0.58,0.35,0.24,0.03,4.77,2.05,0.45
210.0,30.0,100.0,0.348,0.23,0.241,0.149,0.071,0.82,0.29,1.01,1.98,0.57,0.31,0.12,0.01,4.33,1.7,0.42
210.0,40.0,100.0,0.348,0.23,0.241,0.149,0.071,0.51,0.3,0.98,1.75,0.37,0.27,0.22,0.12,3.79,1.55,0.34
